<?xml version="1.0" encoding="utf-8" ?>

<Holiday>

  <Event>
    <Date>14th </Date>
    <Name>January, Pongal</Name>
  </Event>
  <Event>
    <Date>15th </Date>
    <Name>January, Thiruvalluvar day</Name>
  </Event>
  <Event>
    <Date>16th </Date>
    <Name>January, uzhavar thirunal/Farmer's Festival       </Name>
  </Event>
  <Event>
    <Date>26th </Date>
    <Name>January, Republic Day</Name>
  </Event>
  <Event>
    <Date>3rd </Date>
    <Name>March, Mahashivarathri</Name>
  </Event>
  <Event>
    <Date>4th </Date>
    <Name>April, Ugadi/Gudhi Padava</Name>
  </Event>

  <Event>
    <Date>12th </Date>
    <Name>April, Baisakhi(Harvest Festival)</Name>
  </Event>

  <Event>
    <Date>22nd </Date>
    <Name>April, Good Friday</Name>
  </Event>

  <Event>
    <Date>1st </Date>
    <Name>May, May Day</Name>
  </Event>

  <Event>
    <Date>17th </Date>
    <Name>May, Buddha Poornima</Name>
  </Event>
  <Event>
    <Date>15th </Date>
    <Name>August, Independence Day</Name>
  </Event>
  <Event>
    <Date>22nd </Date>
    <Name>August, Janmastami</Name>
  </Event>
  <Event>
    <Date>31st </Date>
    <Name>August,  Kutab- E- Ramzan/Idul Fitr</Name>
  </Event>
  <Event>
    <Date>1st </Date>
    <Name>September, Ganesh Chaturthi</Name>
  </Event>
  <Event>
    <Date>9th </Date>
    <Name>September, Onam</Name>
  </Event>
  <Event>
    <Date>12th </Date>
    <Name>September, Ganesh Immersion</Name>
  </Event>
  <Event>
    <Date>2nd </Date>
    <Name>October, Gandhi Jayanthi</Name>
  </Event>

  <Event>
    <Date>5th </Date>
    <Name>October, Mahanavami/Ayudha Pooja</Name>
  </Event>
  <Event>
    <Date>6th </Date>
    <Name> October, Vijaya Dashami</Name>
  </Event>
  <Event>
    <Date>27th </Date>
    <Name>October, Deepawali</Name>
  </Event>
  <Event>
    <Date>28th </Date>
    <Name>October,Bhai Dhuj</Name>
  </Event>
  <Event>
    <Date>1st</Date>
    <Name> November, Kannada Rajyotsava</Name>
  </Event>
  <Event>
    <Date>2nd </Date>
    <Name>November, All Souls Day</Name>
  </Event>

  <Event>
    <Date>7th </Date>
    <Name>November, Bakri id</Name>
  </Event>
  <Event>
    <Date>25th </Date>
    <Name>December, Christmas</Name>
  </Event>
</Holiday>