﻿<?xml version="1.0" ?>
<Email>
	<Template Type="Escallation">
		<Subject>Case Challaged Escallation</Subject>
		<Body>
			<![CDATA[
		<p>************ auto-generated message ************

			This is an auto-generated response of email acknowledgement regarding Escallation of 
			Queue's case Audit against the Challanged. 
			These are following Details related to Escalated Case:
			
			<%Content%>
			
			Kindly Login and remarks for this Case.
			
			Thanks & Best Regards
			System Admin

		******************* auto-message *******************
		</p>
			]]>
		</Body>
	</Template>
	<Template Type="Assignment">
		<Subject> </Subject>
		<Body>
			<![CDATA[
			<p>
			   <%Content%>
			</p>
			]]>
		</Body>
	</Template>
	<Template Type="HolidayPackageRequest">
		<Subject>Regarding Holiday Pakcage Booking Request Confirmation </Subject>
		<Body>
			<![CDATA[
				<p>Hello <%UserName%>!.

			Your Requested Booking is now available.
			
			So Please Login and Book Your Requsted Pakcage.
			
			Pakcage Name		:	<%PakcageName%>

			Thanks!
			Taj Trip -Support
			</p>
			]]>
		</Body>
	</Template>
</Email>
